turn, co_generations2
1,18.56845497
2,35.4321134
3,16.33093296
4,30.87512988
5,25.78228255
6,21.45834687
7,20.57102939
8,10.18782128
9,29.28198432
10,31.91202995
11,18.03750956
12,16.19682541
13,9.719880603
14,4.987678903
15,19.99747976
16,19.39216235
17,0.633086568
18,18.80652432
19,11.41936543
20,22.45928357
21,10.89593626