turn, co_generations, co_generations2
1,29,18.56845497
2,43,35.4321134
3,42,16.33093296
4,38,30.87512988
5,34,25.78228255
6,35,21.45834687
7,34,20.57102939
8,33,10.18782128
9,38,29.28198432
10,36,31.91202995
11,39,18.03750956
12,32,16.19682541
13,33,9.719880603
14,40,4.987678903
15,41,19.99747976
16,38,19.39216235
17,36,0.633086568
18,39,18.80652432
19,38,11.41936543
20,37,22.45928357
21,41,10.89593626
22,46,
23,50,
24,41,
